{"cameraMode":{"drawMode":0,"name":"Shaded","section":"Shading Mode"},"sceneLighting":false,"audioPlay":false,"sceneViewState":{"m_AlwaysRefresh":false,"showFog":true,"showSkybox":false,"showFlares":true,"showImageEffects":true,"showParticleSystems":true,"showVisualEffectGraphs":true,"m_FxEnabled":true},"in2DMode":false,"pivot":{"x":-0.8693127036094666,"y":-1.3867299556732178,"z":-11.538013458251954},"rotation":{"x":0.6914524435997009,"y":-0.0015187121462076903,"z":0.0014534309739246965,"w":0.7224191427230835},"size":35.464927673339847,"orthographic":false}