{"cameraMode":{"drawMode":0,"name":"Shaded","section":"Shading Mode"},"sceneLighting":false,"audioPlay":false,"sceneViewState":{"m_AlwaysRefresh":false,"showFog":true,"showSkybox":false,"showFlares":true,"showImageEffects":true,"showParticleSystems":true,"showVisualEffectGraphs":true,"m_FxEnabled":true},"in2DMode":false,"pivot":{"x":4.070001125335693,"y":0.7349446415901184,"z":6.88659143447876},"rotation":{"x":-0.0013533326564356685,"y":0.9982662796974182,"z":-0.025461308658123018,"w":-0.053059738129377368},"size":2.600348711013794,"orthographic":false}