{"cameraMode":{"drawMode":0,"name":"Shaded","section":"Shading Mode"},"sceneLighting":false,"audioPlay":false,"sceneViewState":{"m_AlwaysRefresh":false,"showFog":true,"showSkybox":false,"showFlares":true,"showImageEffects":true,"showParticleSystems":true,"showVisualEffectGraphs":true,"m_FxEnabled":true},"in2DMode":false,"pivot":{"x":15.271610260009766,"y":2.75018310546875,"z":4.030335426330566},"rotation":{"x":0.6914524435997009,"y":-0.0015187121462076903,"z":0.0014534309739246965,"w":0.7224191427230835},"size":50.724571228027347,"orthographic":false}